Model,Features,Train_R2,Test_R2,RMSE,MAE
Multiple Linear Regression,13 features,0.7390154612583478,0.723744767678911,2173.4779476016784,1176.8661928106433
Simple Linear Regression,1 feature (Quantity),0.5662009835582058,0.5662009835582058,2723.605882132551,1571.373336218632
